#mass	posX	posY	speedX	speedY	fixed
#150000	0.03	0.0	0.003	0.08	0
#120000	-0.03	0.0	0.005	-0.08	0
#star 1
150000	0.03	0.0	0.0	0.0	0
#planet A
500	0.0	0.4	0.03	0.0	0
#moon A.1
0.89	0.0	0.41	0.0428	0.0	0
#asteroid
0.01	0.01	0.415	0.04136	0.0	0
##dust
##0.00001	0.015	0.15	0.06	0.0	0
##0.00001	0.025	0.25	0.06	0.0	0
##0.00001	0.035	0.35	0.06	0.0	0
##0.00001	0.045	0.45	0.06	0.0	0
##planet B
#15000	-0.7	0.0	0.0	0.03	0
##moon B.1
#15	-0.74	0.0	0.0	0.07	0
##moon B.2
#4.2	-0.78	0.0	0.0	0.055	0